<ImportExportXml xmlns:xsi="http://www.w3.org/2001/XMLSchema-instance">
  <Entities></Entities>
  <Roles></Roles>
  <Workflows></Workflows>
  <FieldSecurityProfiles></FieldSecurityProfiles>
  <Templates />
  <EntityMaps />
  <EntityRelationships />
  <OrganizationSettings />
  <optionsets />
  <WebResources>
    <WebResource>
      <WebResourceId>{a67c2e90-28d7-e811-a968-000d3ae0575b}</WebResourceId>
      <Name>north52_/formula/contact/LQJ/f.a67c2e9028d7e811a968000d3ae0575b</Name>
      <DisplayName>1c68f784-f3fe-431d-98d5-7eea5ec65c45</DisplayName>
      <Description>North52Formula: Application Management - ClientSide - Perform Action - Wed Oct 24 2018 12:02:56 GMT+1100 (Australian Eastern Daylight Time)</Description>
      <WebResourceType>4</WebResourceType>
      <IntroducedVersion>1.0</IntroducedVersion>
      <IsEnabledForMobileClient>0</IsEnabledForMobileClient>
      <IsAvailableForMobileOffline>0</IsAvailableForMobileOffline>
      <IsCustomizable>1</IsCustomizable>
      <CanBeDeleted>1</CanBeDeleted>
      <IsHidden>0</IsHidden>
      <FileName>/WebResources/north52_formulacontactLQJfa67c2e9028d7e811a968000dA67C2E90-28D7-E811-A968-000D3AE0575B</FileName>
    </WebResource>
    <WebResource>
      <WebResourceId>{eea836d7-f8d7-e811-a968-000d3ae0575b}</WebResourceId>
      <Name>north52_/formula/aec_members/xGE/f.eea836d7f8d7e811a968000d3ae0575b</Name>
      <DisplayName>8c6e8089-c308-4757-9b62-3676ab596b63</DisplayName>
      <Description>North52Formula: Members - Update Full Name</Description>
      <WebResourceType>4</WebResourceType>
      <IntroducedVersion>1.0</IntroducedVersion>
      <IsEnabledForMobileClient>0</IsEnabledForMobileClient>
      <IsAvailableForMobileOffline>0</IsAvailableForMobileOffline>
      <IsCustomizable>1</IsCustomizable>
      <CanBeDeleted>1</CanBeDeleted>
      <IsHidden>0</IsHidden>
      <FileName>/WebResources/north52_formulaaec_membersxGEfeea836d7f8d7e811a968EEA836D7-F8D7-E811-A968-000D3AE0575B</FileName>
    </WebResource>
    <WebResource>
      <WebResourceId>{eb7663b2-4ec8-e811-a968-000d3ae057b3}</WebResourceId>
      <Name>north52_/formula/aec_application/THA/f.eb7663b24ec8e811a968000d3ae057b3</Name>
      <DisplayName>de229690-583d-407f-a24d-43efee073922</DisplayName>
      <Description>North52Formula: Application Management - Auto Number - Fri Oct 05 2018 13:25:46 GMT+1000 (Australian Eastern Standard Time)</Description>
      <WebResourceType>4</WebResourceType>
      <IntroducedVersion>1.0</IntroducedVersion>
      <IsEnabledForMobileClient>0</IsEnabledForMobileClient>
      <IsAvailableForMobileOffline>0</IsAvailableForMobileOffline>
      <IsCustomizable>1</IsCustomizable>
      <CanBeDeleted>1</CanBeDeleted>
      <IsHidden>0</IsHidden>
      <FileName>/WebResources/north52_formulaaec_applicationTHAfeb7663b24ec8e811EB7663B2-4EC8-E811-A968-000D3AE057B3</FileName>
    </WebResource>
    <WebResource>
      <WebResourceId>{7a36e112-acd5-e811-a96a-000d3ae057b3}</WebResourceId>
      <Name>north52_/formula/aec_application/dSa/f.7a36e112acd5e811a96a000d3ae057b3</Name>
      <DisplayName>be3e6988-c703-4fe3-95c7-2235ab0b4561</DisplayName>
      <Description>North52Formula: Application Management - Update status based on assigned to</Description>
      <WebResourceType>4</WebResourceType>
      <IntroducedVersion>1.0</IntroducedVersion>
      <IsEnabledForMobileClient>0</IsEnabledForMobileClient>
      <IsAvailableForMobileOffline>0</IsAvailableForMobileOffline>
      <IsCustomizable>1</IsCustomizable>
      <CanBeDeleted>1</CanBeDeleted>
      <IsHidden>0</IsHidden>
      <FileName>/WebResources/north52_formulaaec_applicationdSaf7a36e112acd5e8117A36E112-ACD5-E811-A96A-000D3AE057B3</FileName>
    </WebResource>
    <WebResource>
      <WebResourceId>{30242030-b7d5-e811-a96a-000d3ae057b3}</WebResourceId>
      <Name>north52_/formula/aec_application/KTZ/f.30242030b7d5e811a96a000d3ae057b3</Name>
      <DisplayName>415348b3-271b-4de1-9233-0f1769ed686f</DisplayName>
      <Description>North52Formula: Application Management - Hide members subgrid</Description>
      <WebResourceType>4</WebResourceType>
      <IntroducedVersion>1.0</IntroducedVersion>
      <IsEnabledForMobileClient>0</IsEnabledForMobileClient>
      <IsAvailableForMobileOffline>0</IsAvailableForMobileOffline>
      <IsCustomizable>1</IsCustomizable>
      <CanBeDeleted>1</CanBeDeleted>
      <IsHidden>0</IsHidden>
      <FileName>/WebResources/north52_formulaaec_applicationKTZf30242030b7d5e81130242030-B7D5-E811-A96A-000D3AE057B3</FileName>
    </WebResource>
    <WebResource>
      <WebResourceId>{df99c6bd-bad5-e811-a96a-000d3ae057b3}</WebResourceId>
      <Name>north52_/formula/account/D2Y/f.df99c6bdbad5e811a96a000d3ae057b3</Name>
      <DisplayName>762b9d4c-0844-48c3-8982-ed82e3bc6ca7</DisplayName>
      <Description>North52Formula: Entities - ClientSide - Hide members subgrid</Description>
      <WebResourceType>4</WebResourceType>
      <IntroducedVersion>1.0</IntroducedVersion>
      <IsEnabledForMobileClient>0</IsEnabledForMobileClient>
      <IsAvailableForMobileOffline>0</IsAvailableForMobileOffline>
      <IsCustomizable>1</IsCustomizable>
      <CanBeDeleted>1</CanBeDeleted>
      <IsHidden>0</IsHidden>
      <FileName>/WebResources/north52_formulaaccountD2Yfdf99c6bdbad5e811a96a000dDF99C6BD-BAD5-E811-A96A-000D3AE057B3</FileName>
    </WebResource>
    <WebResource>
      <WebResourceId>{a0166885-5cd6-e811-a96a-000d3ae057b3}</WebResourceId>
      <Name>north52_/formula/aec_application/AkV/f.a01668855cd6e811a96a000d3ae057b3</Name>
      <DisplayName>67dc20a9-73ba-4513-8559-a99cb7f60605</DisplayName>
      <Description>North52Formula: Application Management - Restrict Optionset</Description>
      <WebResourceType>4</WebResourceType>
      <IntroducedVersion>1.0</IntroducedVersion>
      <IsEnabledForMobileClient>0</IsEnabledForMobileClient>
      <IsAvailableForMobileOffline>0</IsAvailableForMobileOffline>
      <IsCustomizable>1</IsCustomizable>
      <CanBeDeleted>1</CanBeDeleted>
      <IsHidden>0</IsHidden>
      <FileName>/WebResources/north52_formulaaec_applicationAkVfa01668855cd6e811A0166885-5CD6-E811-A96A-000D3AE057B3</FileName>
    </WebResource>
    <WebResource>
      <WebResourceId>{2f3dd459-83d6-e811-a96a-000d3ae057b3}</WebResourceId>
      <Name>north52_/formula/account/KL9/f.2f3dd45983d6e811a96a000d3ae057b3</Name>
      <DisplayName>51097a32-8db4-4f8f-8082-ba669b6dbfc5</DisplayName>
      <Description>North52Formula: Entities - Save - To Current Record - Tue Oct 23 2018 16:19:51 GMT+1100 (AUS Eastern Daylight Time)</Description>
      <WebResourceType>4</WebResourceType>
      <IntroducedVersion>1.0</IntroducedVersion>
      <IsEnabledForMobileClient>0</IsEnabledForMobileClient>
      <IsAvailableForMobileOffline>0</IsAvailableForMobileOffline>
      <IsCustomizable>1</IsCustomizable>
      <CanBeDeleted>1</CanBeDeleted>
      <IsHidden>0</IsHidden>
      <FileName>/WebResources/north52_formulaaccountKL9f2f3dd45983d6e811a96a000d2F3DD459-83D6-E811-A96A-000D3AE057B3</FileName>
    </WebResource>
    <WebResource>
      <WebResourceId>{acba0a46-1ed7-e811-a96a-000d3ae057b3}</WebResourceId>
      <Name>north52_/formula/aec_application/F45/f.acba0a461ed7e811a96a000d3ae057b3</Name>
      <DisplayName>1001051b-4c0e-409b-9314-e36412055b58</DisplayName>
      <Description>North52Formula: Application Management - Update Delegate on Entity based on assigned to</Description>
      <WebResourceType>4</WebResourceType>
      <IntroducedVersion>1.0</IntroducedVersion>
      <IsEnabledForMobileClient>0</IsEnabledForMobileClient>
      <IsAvailableForMobileOffline>0</IsAvailableForMobileOffline>
      <IsCustomizable>1</IsCustomizable>
      <CanBeDeleted>1</CanBeDeleted>
      <IsHidden>0</IsHidden>
      <FileName>/WebResources/north52_formulaaec_applicationF45facba0a461ed7e811ACBA0A46-1ED7-E811-A96A-000D3AE057B3</FileName>
    </WebResource>
    <WebResource>
      <WebResourceId>{ff806337-67d6-e811-a968-000d3ae058f0}</WebResourceId>
      <Name>north52_/formula/aec_application/0K1/f.ff80633767d6e811a968000d3ae058f0</Name>
      <DisplayName>096fee9c-b2fc-4b3c-965a-f2f05e2b7e64</DisplayName>
      <Description>North52Formula: Email - Process Genie - Application Management Notification</Description>
      <WebResourceType>4</WebResourceType>
      <IntroducedVersion>1.0</IntroducedVersion>
      <IsEnabledForMobileClient>0</IsEnabledForMobileClient>
      <IsAvailableForMobileOffline>0</IsAvailableForMobileOffline>
      <IsCustomizable>1</IsCustomizable>
      <CanBeDeleted>1</CanBeDeleted>
      <IsHidden>0</IsHidden>
      <FileName>/WebResources/north52_formulaaec_application0K1fff80633767d6e811FF806337-67D6-E811-A968-000D3AE058F0</FileName>
    </WebResource>
    <WebResource>
      <WebResourceId>{a4420ee8-1ed7-e811-a968-000d3ae058f0}</WebResourceId>
      <Name>north52_/formula/aec_application/Vdu/f.a4420ee81ed7e811a968000d3ae058f0</Name>
      <DisplayName>c37be0f6-d490-4c21-9b0e-f95eed35061d</DisplayName>
      <Description>North52Formula: Application Management - Update  Account Contact Status Inactive</Description>
      <WebResourceType>4</WebResourceType>
      <IntroducedVersion>1.0</IntroducedVersion>
      <IsEnabledForMobileClient>0</IsEnabledForMobileClient>
      <IsAvailableForMobileOffline>0</IsAvailableForMobileOffline>
      <IsCustomizable>1</IsCustomizable>
      <CanBeDeleted>1</CanBeDeleted>
      <IsHidden>0</IsHidden>
      <FileName>/WebResources/north52_formulaaec_applicationVdufa4420ee81ed7e811A4420EE8-1ED7-E811-A968-000D3AE058F0</FileName>
    </WebResource>
    <WebResource>
      <WebResourceId>{e7761dad-1fd7-e811-a968-000d3ae058f0}</WebResourceId>
      <Name>north52_/formula/aec_application/Vdu/fd.e7761dad1fd7e811a968000d3ae058f0</Name>
      <DisplayName>c0357ed9-cc4c-4474-bb5f-f7fb25ed4ed7</DisplayName>
      <Description>North52FormulaDetail: Query Account Contact</Description>
      <WebResourceType>4</WebResourceType>
      <IntroducedVersion>1.0</IntroducedVersion>
      <IsEnabledForMobileClient>0</IsEnabledForMobileClient>
      <IsAvailableForMobileOffline>0</IsAvailableForMobileOffline>
      <IsCustomizable>1</IsCustomizable>
      <CanBeDeleted>1</CanBeDeleted>
      <IsHidden>0</IsHidden>
      <FileName>/WebResources/north52_formulaaec_applicationVdufde7761dad1fd7e81E7761DAD-1FD7-E811-A968-000D3AE058F0</FileName>
    </WebResource>
    <WebResource>
      <WebResourceId>{17ff9de8-49e1-e811-a968-000d3ae058f0}</WebResourceId>
      <Name>north52_/formula/aec_nominationmanagement/nWs/f.17ff9de849e1e811a968000d3ae058f0</Name>
      <DisplayName>f6a56482-fb49-4257-be97-e891606a67bc</DisplayName>
      <Description>North52Formula: Nomination Management - Validation - Tue Nov 06 2018 09:16:16 GMT+1100 (AUS Eastern Daylight Time)</Description>
      <WebResourceType>4</WebResourceType>
      <IntroducedVersion>1.0</IntroducedVersion>
      <IsEnabledForMobileClient>0</IsEnabledForMobileClient>
      <IsAvailableForMobileOffline>0</IsAvailableForMobileOffline>
      <IsCustomizable>1</IsCustomizable>
      <CanBeDeleted>1</CanBeDeleted>
      <IsHidden>0</IsHidden>
      <FileName>/WebResources/north52_formulaaec_nominationmanagementnWsf17ff9de17FF9DE8-49E1-E811-A968-000D3AE058F0</FileName>
    </WebResource>
    <WebResource>
      <WebResourceId>{189f6284-4fe1-e811-a968-000d3ae058f0}</WebResourceId>
      <Name>north52_/formula/aec_nominationmanagement/nWs/fd.189f62844fe1e811a968000d3ae058f0</Name>
      <DisplayName>16683c5c-59d8-4493-99bf-3d0d869bd309</DisplayName>
      <Description>North52FormulaDetail: ActiveNominationsAssocitedToContact</Description>
      <WebResourceType>4</WebResourceType>
      <IntroducedVersion>1.0</IntroducedVersion>
      <IsEnabledForMobileClient>0</IsEnabledForMobileClient>
      <IsAvailableForMobileOffline>0</IsAvailableForMobileOffline>
      <IsCustomizable>1</IsCustomizable>
      <CanBeDeleted>1</CanBeDeleted>
      <IsHidden>0</IsHidden>
      <FileName>/WebResources/north52_formulaaec_nominationmanagementnWsfd189f62189F6284-4FE1-E811-A968-000D3AE058F0</FileName>
    </WebResource>
    <WebResource>
      <WebResourceId>{663e1f55-52e1-e811-a968-000d3ae058f0}</WebResourceId>
      <Name>north52_/formula/aec_nominationmanagement/nWs/fd.663e1f5552e1e811a968000d3ae058f0</Name>
      <DisplayName>9678231b-53c7-4715-8dcb-8be781bca627</DisplayName>
      <Description>North52FormulaDetail: DuplicateNominationForContactBasedOnCategory</Description>
      <WebResourceType>4</WebResourceType>
      <IntroducedVersion>1.0</IntroducedVersion>
      <IsEnabledForMobileClient>0</IsEnabledForMobileClient>
      <IsAvailableForMobileOffline>0</IsAvailableForMobileOffline>
      <IsCustomizable>1</IsCustomizable>
      <CanBeDeleted>1</CanBeDeleted>
      <IsHidden>0</IsHidden>
      <FileName>/WebResources/north52_formulaaec_nominationmanagementnWsfd663e1f663E1F55-52E1-E811-A968-000D3AE058F0</FileName>
    </WebResource>
    <WebResource>
      <WebResourceId>{3f31a5b8-8ae1-e811-a968-000d3ae058f0}</WebResourceId>
      <Name>north52_/formula/aec_application/2rP/f.3f31a5b88ae1e811a968000d3ae058f0</Name>
      <DisplayName>37a70425-7179-4f45-84ee-87b67414c926</DisplayName>
      <Description>North52Formula: Application Management - Validation -Payment validation</Description>
      <WebResourceType>4</WebResourceType>
      <IntroducedVersion>1.0</IntroducedVersion>
      <IsEnabledForMobileClient>0</IsEnabledForMobileClient>
      <IsAvailableForMobileOffline>0</IsAvailableForMobileOffline>
      <IsCustomizable>1</IsCustomizable>
      <CanBeDeleted>1</CanBeDeleted>
      <IsHidden>0</IsHidden>
      <FileName>/WebResources/north52_formulaaec_application2rPf3f31a5b88ae1e8113F31A5B8-8AE1-E811-A968-000D3AE058F0</FileName>
    </WebResource>
    <WebResource>
      <WebResourceId>{c3fea5d6-3be2-e811-a968-000d3ae058f0}</WebResourceId>
      <Name>north52_/formula/aec_application/W11/f.c3fea5d63be2e811a968000d3ae058f0</Name>
      <DisplayName>9bf4bcec-35ed-4310-84ca-653c9137ee36</DisplayName>
      <Description>North52Formula: Application Management - Switch Business Process Flow Based on Application Type</Description>
      <WebResourceType>4</WebResourceType>
      <IntroducedVersion>1.0</IntroducedVersion>
      <IsEnabledForMobileClient>0</IsEnabledForMobileClient>
      <IsAvailableForMobileOffline>0</IsAvailableForMobileOffline>
      <IsCustomizable>1</IsCustomizable>
      <CanBeDeleted>1</CanBeDeleted>
      <IsHidden>0</IsHidden>
      <FileName>/WebResources/north52_formulaaec_applicationW11fc3fea5d63be2e811C3FEA5D6-3BE2-E811-A968-000D3AE058F0</FileName>
    </WebResource>
    <WebResource>
      <WebResourceId>{8406af8a-0df1-e811-a96a-000d3ae058f0}</WebResourceId>
      <Name>north52_/formula/aec_application/fif/f.8406af8a0df1e811a96a000d3ae058f0</Name>
      <DisplayName>96c673f8-3c7b-4b03-a777-a734e7a02cf5</DisplayName>
      <Description>North52Formula: Application Management - Process Genie - Update Decision Review Date</Description>
      <WebResourceType>4</WebResourceType>
      <IntroducedVersion>1.0</IntroducedVersion>
      <IsEnabledForMobileClient>0</IsEnabledForMobileClient>
      <IsAvailableForMobileOffline>0</IsAvailableForMobileOffline>
      <IsCustomizable>1</IsCustomizable>
      <CanBeDeleted>1</CanBeDeleted>
      <IsHidden>0</IsHidden>
      <FileName>/WebResources/north52_formulaaec_applicationfiff8406af8a0df1e8118406AF8A-0DF1-E811-A96A-000D3AE058F0</FileName>
    </WebResource>
    <WebResource>
      <WebResourceId>{fbb03c2f-85f3-e811-a96b-000d3ae058f0}</WebResourceId>
      <Name>north52_/formula/aec_application/Hr2/f.fbb03c2f85f3e811a96b000d3ae058f0</Name>
      <DisplayName>2e572a8f-d934-46b6-a524-17565ba16a82</DisplayName>
      <Description>North52Formula: Application Management - Save - Perform Action - Send Email Notification</Description>
      <WebResourceType>4</WebResourceType>
      <IntroducedVersion>1.0</IntroducedVersion>
      <IsEnabledForMobileClient>0</IsEnabledForMobileClient>
      <IsAvailableForMobileOffline>0</IsAvailableForMobileOffline>
      <IsCustomizable>1</IsCustomizable>
      <CanBeDeleted>1</CanBeDeleted>
      <IsHidden>0</IsHidden>
      <FileName>/WebResources/north52_formulaaec_applicationHr2ffbb03c2f85f3e811FBB03C2F-85F3-E811-A96B-000D3AE058F0</FileName>
    </WebResource>
    <WebResource>
      <WebResourceId>{9b8cccf1-b4d1-e811-a972-000d3ae05948}</WebResourceId>
      <Name>north52_/formula/aec_application/sLG/f.9b8cccf1b4d1e811a972000d3ae05948</Name>
      <DisplayName>3869ecf7-f815-44a9-8ae7-e828b3d63c39</DisplayName>
      <Description>North52Formula: Assessment - Validation - Wed Oct 17 2018 13:32:34 GMT+1100 (AUS Eastern Daylight Time)</Description>
      <WebResourceType>4</WebResourceType>
      <IntroducedVersion>1.0</IntroducedVersion>
      <IsEnabledForMobileClient>0</IsEnabledForMobileClient>
      <IsAvailableForMobileOffline>0</IsAvailableForMobileOffline>
      <IsCustomizable>1</IsCustomizable>
      <CanBeDeleted>1</CanBeDeleted>
      <IsHidden>0</IsHidden>
      <FileName>/WebResources/north52_formulaaec_applicationsLGf9b8cccf1b4d1e8119B8CCCF1-B4D1-E811-A972-000D3AE05948</FileName>
    </WebResource>
    <WebResource>
      <WebResourceId>{1dae3820-e8f1-e811-a974-000d3ae05948}</WebResourceId>
      <Name>north52_/formula/aec_variation/Mta/f.1dae3820e8f1e811a974000d3ae05948</Name>
      <DisplayName>af5f6f30-fae8-4e06-a187-934fe6faf116</DisplayName>
      <Description>North52Formula: Variation - Auto Number</Description>
      <WebResourceType>4</WebResourceType>
      <IntroducedVersion>1.0</IntroducedVersion>
      <IsEnabledForMobileClient>0</IsEnabledForMobileClient>
      <IsAvailableForMobileOffline>0</IsAvailableForMobileOffline>
      <IsCustomizable>1</IsCustomizable>
      <CanBeDeleted>1</CanBeDeleted>
      <IsHidden>0</IsHidden>
      <FileName>/WebResources/north52_formulaaec_variationMtaf1dae3820e8f1e811a91DAE3820-E8F1-E811-A974-000D3AE05948</FileName>
    </WebResource>
    <WebResource>
      <WebResourceId>{3a88add1-67dd-e811-a973-000d3ae05e60}</WebResourceId>
      <Name>north52_/formula/activitymimeattachment/b7L/f.3a88add167dde811a973000d3ae05e60</Name>
      <DisplayName>773ab979-df1f-463d-ad06-90174be736cb</DisplayName>
      <Description>North52Formula: Attachment - ClientSide - Perform Action - Thu Nov 01 2018 10:50:45 GMT+1100 (AUS Eastern Daylight Time)</Description>
      <WebResourceType>4</WebResourceType>
      <IntroducedVersion>1.0</IntroducedVersion>
      <IsEnabledForMobileClient>0</IsEnabledForMobileClient>
      <IsAvailableForMobileOffline>0</IsAvailableForMobileOffline>
      <IsCustomizable>1</IsCustomizable>
      <CanBeDeleted>1</CanBeDeleted>
      <IsHidden>0</IsHidden>
      <FileName>/WebResources/north52_formulaactivitymimeattachmentb7Lf3a88add163A88ADD1-67DD-E811-A973-000D3AE05E60</FileName>
    </WebResource>
    <WebResource>
      <WebResourceId>{eae518fa-a9e3-e811-a973-000d3ae05e60}</WebResourceId>
      <Name>north52_/formula/aec_application/SEe/f.eae518faa9e3e811a973000d3ae05e60</Name>
      <DisplayName>155d1b60-17e9-4c44-b9ca-35d8d2882fb9</DisplayName>
      <Description>North52Formula: Application Management - Set Iframe Url</Description>
      <WebResourceType>4</WebResourceType>
      <IntroducedVersion>1.0</IntroducedVersion>
      <IsEnabledForMobileClient>0</IsEnabledForMobileClient>
      <IsAvailableForMobileOffline>0</IsAvailableForMobileOffline>
      <IsCustomizable>1</IsCustomizable>
      <CanBeDeleted>1</CanBeDeleted>
      <IsHidden>0</IsHidden>
      <FileName>/WebResources/north52_formulaaec_applicationSEefeae518faa9e3e811EAE518FA-A9E3-E811-A973-000D3AE05E60</FileName>
    </WebResource>
    <WebResource>
      <WebResourceId>{a057e6d4-d8e3-e811-a973-000d3ae05e60}</WebResourceId>
      <Name>north52_/formula/aec_accountcontact/nlT/f.a057e6d4d8e3e811a973000d3ae05e60</Name>
      <DisplayName>8daacf60-e818-4382-8649-d69004827acb</DisplayName>
      <Description>North52Formula: Account Contact - Party Secretary Validation</Description>
      <WebResourceType>4</WebResourceType>
      <IntroducedVersion>1.0</IntroducedVersion>
      <IsEnabledForMobileClient>0</IsEnabledForMobileClient>
      <IsAvailableForMobileOffline>0</IsAvailableForMobileOffline>
      <IsCustomizable>1</IsCustomizable>
      <CanBeDeleted>1</CanBeDeleted>
      <IsHidden>0</IsHidden>
      <FileName>/WebResources/north52_formulaaec_accountcontactnlTfa057e6d4d8e3eA057E6D4-D8E3-E811-A973-000D3AE05E60</FileName>
    </WebResource>
    <WebResource>
      <WebResourceId>{5917ebef-d8e3-e811-a973-000d3ae05e60}</WebResourceId>
      <Name>north52_/formula/aec_accountcontact/nlT/fd.5917ebefd8e3e811a973000d3ae05e60</Name>
      <DisplayName>113a1f41-b487-4ee3-8985-2caa834ebbd8</DisplayName>
      <Description>North52FormulaDetail: Active Party Secretary</Description>
      <WebResourceType>4</WebResourceType>
      <IntroducedVersion>1.0</IntroducedVersion>
      <IsEnabledForMobileClient>0</IsEnabledForMobileClient>
      <IsAvailableForMobileOffline>0</IsAvailableForMobileOffline>
      <IsCustomizable>1</IsCustomizable>
      <CanBeDeleted>1</CanBeDeleted>
      <IsHidden>0</IsHidden>
      <FileName>/WebResources/north52_formulaaec_accountcontactnlTfd5917ebefd8e35917EBEF-D8E3-E811-A973-000D3AE05E60</FileName>
    </WebResource>
  </WebResources>
  <CustomControls />
  <EntityDataProviders />
  <Languages>
    <Language>1033</Language>
  </Languages>
</ImportExportXml>