<ImportExportXml version="9.1.0.643" SolutionPackageVersion="9.1" languagecode="1033" generatedBy="CrmLive" xmlns:xsi="http://www.w3.org/2001/XMLSchema-instance">
  <SolutionManifest>
    <UniqueName>North52FormulaManagerDeploymentSolution</UniqueName>
    <LocalizedNames>
      <LocalizedName description="North52FormulaManagerDeploymentSolution" languagecode="1033" />
    </LocalizedNames>
    <Descriptions />
    <Version>1.0.0.1</Version>
    <Managed>1</Managed>
    <Publisher>
      <UniqueName>AEC</UniqueName>
      <LocalizedNames>
        <LocalizedName description="AEC" languagecode="1033" />
      </LocalizedNames>
      <Descriptions />
      <EMailAddress xsi:nil="true"></EMailAddress>
      <SupportingWebsiteUrl xsi:nil="true"></SupportingWebsiteUrl>
      <CustomizationPrefix>aec</CustomizationPrefix>
      <CustomizationOptionValuePrefix>27719</CustomizationOptionValuePrefix>
      <Addresses>
        <Address>
          <AddressNumber>1</AddressNumber>
          <AddressTypeCode>1</AddressTypeCode>
          <City xsi:nil="true"></City>
          <County xsi:nil="true"></County>
          <Country xsi:nil="true"></Country>
          <Fax xsi:nil="true"></Fax>
          <FreightTermsCode xsi:nil="true"></FreightTermsCode>
          <ImportSequenceNumber xsi:nil="true"></ImportSequenceNumber>
          <Latitude xsi:nil="true"></Latitude>
          <Line1 xsi:nil="true"></Line1>
          <Line2 xsi:nil="true"></Line2>
          <Line3 xsi:nil="true"></Line3>
          <Longitude xsi:nil="true"></Longitude>
          <Name xsi:nil="true"></Name>
          <PostalCode xsi:nil="true"></PostalCode>
          <PostOfficeBox xsi:nil="true"></PostOfficeBox>
          <PrimaryContactName xsi:nil="true"></PrimaryContactName>
          <ShippingMethodCode>1</ShippingMethodCode>
          <StateOrProvince xsi:nil="true"></StateOrProvince>
          <Telephone1 xsi:nil="true"></Telephone1>
          <Telephone2 xsi:nil="true"></Telephone2>
          <Telephone3 xsi:nil="true"></Telephone3>
          <TimeZoneRuleVersionNumber xsi:nil="true"></TimeZoneRuleVersionNumber>
          <UPSZone xsi:nil="true"></UPSZone>
          <UTCOffset xsi:nil="true"></UTCOffset>
          <UTCConversionTimeZoneCode xsi:nil="true"></UTCConversionTimeZoneCode>
        </Address>
        <Address>
          <AddressNumber>2</AddressNumber>
          <AddressTypeCode>1</AddressTypeCode>
          <City xsi:nil="true"></City>
          <County xsi:nil="true"></County>
          <Country xsi:nil="true"></Country>
          <Fax xsi:nil="true"></Fax>
          <FreightTermsCode xsi:nil="true"></FreightTermsCode>
          <ImportSequenceNumber xsi:nil="true"></ImportSequenceNumber>
          <Latitude xsi:nil="true"></Latitude>
          <Line1 xsi:nil="true"></Line1>
          <Line2 xsi:nil="true"></Line2>
          <Line3 xsi:nil="true"></Line3>
          <Longitude xsi:nil="true"></Longitude>
          <Name xsi:nil="true"></Name>
          <PostalCode xsi:nil="true"></PostalCode>
          <PostOfficeBox xsi:nil="true"></PostOfficeBox>
          <PrimaryContactName xsi:nil="true"></PrimaryContactName>
          <ShippingMethodCode>1</ShippingMethodCode>
          <StateOrProvince xsi:nil="true"></StateOrProvince>
          <Telephone1 xsi:nil="true"></Telephone1>
          <Telephone2 xsi:nil="true"></Telephone2>
          <Telephone3 xsi:nil="true"></Telephone3>
          <TimeZoneRuleVersionNumber xsi:nil="true"></TimeZoneRuleVersionNumber>
          <UPSZone xsi:nil="true"></UPSZone>
          <UTCOffset xsi:nil="true"></UTCOffset>
          <UTCConversionTimeZoneCode xsi:nil="true"></UTCConversionTimeZoneCode>
        </Address>
      </Addresses>
    </Publisher>
    <RootComponents>
      <RootComponent type="61" schemaName="north52_/formula/account/D2Y/f.df99c6bdbad5e811a96a000d3ae057b3" behavior="0" />
      <RootComponent type="61" schemaName="north52_/formula/account/KL9/f.2f3dd45983d6e811a96a000d3ae057b3" behavior="0" />
      <RootComponent type="61" schemaName="north52_/formula/activitymimeattachment/b7L/f.3a88add167dde811a973000d3ae05e60" behavior="0" />
      <RootComponent type="61" schemaName="north52_/formula/aec_accountcontact/nlT/f.a057e6d4d8e3e811a973000d3ae05e60" behavior="0" />
      <RootComponent type="61" schemaName="north52_/formula/aec_accountcontact/nlT/fd.5917ebefd8e3e811a973000d3ae05e60" behavior="0" />
      <RootComponent type="61" schemaName="north52_/formula/aec_application/0K1/f.ff80633767d6e811a968000d3ae058f0" behavior="0" />
      <RootComponent type="61" schemaName="north52_/formula/aec_application/2rP/f.3f31a5b88ae1e811a968000d3ae058f0" behavior="0" />
      <RootComponent type="61" schemaName="north52_/formula/aec_application/AkV/f.a01668855cd6e811a96a000d3ae057b3" behavior="0" />
      <RootComponent type="61" schemaName="north52_/formula/aec_application/dSa/f.7a36e112acd5e811a96a000d3ae057b3" behavior="0" />
      <RootComponent type="61" schemaName="north52_/formula/aec_application/F45/f.acba0a461ed7e811a96a000d3ae057b3" behavior="0" />
      <RootComponent type="61" schemaName="north52_/formula/aec_application/fif/f.8406af8a0df1e811a96a000d3ae058f0" behavior="0" />
      <RootComponent type="61" schemaName="north52_/formula/aec_application/Hr2/f.fbb03c2f85f3e811a96b000d3ae058f0" behavior="0" />
      <RootComponent type="61" schemaName="north52_/formula/aec_application/KTZ/f.30242030b7d5e811a96a000d3ae057b3" behavior="0" />
      <RootComponent type="61" schemaName="north52_/formula/aec_application/SEe/f.eae518faa9e3e811a973000d3ae05e60" behavior="0" />
      <RootComponent type="61" schemaName="north52_/formula/aec_application/sLG/f.9b8cccf1b4d1e811a972000d3ae05948" behavior="0" />
      <RootComponent type="61" schemaName="north52_/formula/aec_application/THA/f.eb7663b24ec8e811a968000d3ae057b3" behavior="0" />
      <RootComponent type="61" schemaName="north52_/formula/aec_application/Vdu/f.a4420ee81ed7e811a968000d3ae058f0" behavior="0" />
      <RootComponent type="61" schemaName="north52_/formula/aec_application/Vdu/fd.e7761dad1fd7e811a968000d3ae058f0" behavior="0" />
      <RootComponent type="61" schemaName="north52_/formula/aec_application/W11/f.c3fea5d63be2e811a968000d3ae058f0" behavior="0" />
      <RootComponent type="61" schemaName="north52_/formula/aec_members/xGE/f.eea836d7f8d7e811a968000d3ae0575b" behavior="0" />
      <RootComponent type="61" schemaName="north52_/formula/aec_nominationmanagement/nWs/f.17ff9de849e1e811a968000d3ae058f0" behavior="0" />
      <RootComponent type="61" schemaName="north52_/formula/aec_nominationmanagement/nWs/fd.189f62844fe1e811a968000d3ae058f0" behavior="0" />
      <RootComponent type="61" schemaName="north52_/formula/aec_nominationmanagement/nWs/fd.663e1f5552e1e811a968000d3ae058f0" behavior="0" />
      <RootComponent type="61" schemaName="north52_/formula/aec_variation/Mta/f.1dae3820e8f1e811a974000d3ae05948" behavior="0" />
      <RootComponent type="61" schemaName="north52_/formula/contact/LQJ/f.a67c2e9028d7e811a968000d3ae0575b" behavior="0" />
    </RootComponents>
    <MissingDependencies />
  </SolutionManifest>
</ImportExportXml>